HolderAddress,isS3Node,ES>=20000,S2>=5000,SGN>=1,EffectiveScore,TotalScore,SGN,S2 (Decay 0%),S1 (Decay 50%),before S1 (Decay 75%),S2,S1,before S1,
0x01116bff69113dc1125dd9fc465eed55cf32e9ca,false,false,false,false,1027.5,4110,0,0,0,1027.5,0,0,4110,
0x01175ef4738b825cd12f4d1ff2d2904d52144531,true,true,true,true,963045.65,1858767.9,2,389135.9,413003.5,160906.25,389135.9,826007,643625,
0x016df27c5a9e479ab01e3053cd5a1967f96ecd6e,false,false,false,false,2600,2900,0,2300,300,0,2300,600,0,
0x01917dfa012027d59c86250e887a45f6d8f49f6d,false,false,false,false,475.5,1902,0,0,0,475.5,0,0,1902,
0x0374dd85fdbadaff0377bbe7d7753b054bd9e7e0,false,false,false,false,750,3000,0,0,0,750,0,0,3000,
0x03c99e93e1cd394c1cc8401e82140681c436b9f2,false,false,false,false,1850,1850,0,1850,0,0,1850,0,0,
0x043aee850680c4fb982761b585929834c26cc32c,true,true,true,true,36629.5,115307,1,4887,8275,23467.5,4887,16550,93870,
0x044372d3d19d34e77d5ee9c53ccd68703b6b669c,false,false,false,false,2.5,10,0,0,0,2.5,0,0,10,
0x0505e7fddf5a88a8a3743ac579cb6f33c181d4bb,false,false,true,true,17030,32540,1,1520,15510,0,1520,31020,0,
0x064f8aba7efd1d1288556f5649761844754d0cbe,false,false,false,false,4742,4742,0,4742,0,0,4742,0,0,
0x079ad9305e2f2069c99cad85e5467eee498a1f6e,false,false,true,true,9225,36900,1,0,0,9225,0,0,36900,
0x099c927e0dc0cb85ac209d82f9ae2362b899bdd5,false,false,true,true,3720,14880,1,0,0,3720,0,0,14880,
0x0a7e0f40b14db5d166ca036f930cc2d347b1ee8b,false,false,false,false,500,500,0,500,0,0,500,0,0,
0x0aab65863e955fa8e8d6ad4318bcfd82f3e0aa82,false,false,false,false,7.5,30,0,0,0,7.5,0,0,30,
0x0b67e4577e5fa87901483afbf5ba11c2ebf1297a,false,false,false,false,1325,4200,0,0,550,775,0,1100,3100,
0x0b96072210dd671c67d30e128676c963848a73c9,true,true,true,true,26741.75,106967,1,0,0,26741.75,0,0,106967,
0x0be36ff17dd4f9accf9404e6e0cf91d5b942f66a,false,false,false,false,500,500,0,500,0,0,500,0,0,
0x0c05aacc260d5ebfccdd9b06ab3633120cbe9676,false,true,true,false,34766.65,36133.3,0,33400,1366.65,0,33400,2733.3,0,
0x0cd131d695c0dd47648e70ede3bb13bcadea6f40,false,false,false,false,200,400,0,0,200,0,0,400,0,
0x0e5f40dc367d757f250b716cd46b6fbde90a1b8b,true,true,true,true,35841.5,143016,1,0,175,35666.5,0,350,142666,
0x0ecd65a928c35ffbf9c8048630336af51bdf6ffc,false,true,true,false,22241.25,88965,0,0,0,22241.25,0,0,88965,
0x0f24f4e4c1251a38665f0d8125ec1c895bbcbf91,false,false,false,false,1000,1000,0,1000,0,0,1000,0,0,
0x0fb45858d5963f92d4f9d301ccdc00ebe35cf04d,false,false,false,false,200,400,0,0,200,0,0,400,0,
0x103af2b33400a4f955744a7f70e749435444f808,true,true,true,true,27290,64802,1,4778,15012,7500,4778,30024,30000,
0x106b48f8a7519b6d67c8f0ebc09f54a5d0eb8130,false,false,false,false,65,260,0,0,0,65,0,0,260,
0x10b4bd1a211bdd057ea16a2e13c086f67b587b4b,true,true,true,true,103143,291853,1,4561,53518,45064,4561,107036,180256,
0x10ea167893cb51500ec829222e3d17a968feb650,true,true,true,true,87414.05,197130.8,2,12044.3,58196.25,17173.5,12044.3,116392.5,68694,
0x111937d72b14fc0b998038f4ab68737cceeb15bf,false,false,false,false,500,500,0,500,0,0,500,0,0,
0x11bca896373747b0a8cb84f5a0f230bf6fe6a747,false,false,true,false,7665,28230,0,0,1215,6450,0,2430,25800,
0x1286bff958ddfb34dc0e49493cbc53f9e6d27b60,false,false,true,false,2250,9000,0,0,0,2250,0,0,9000,
0x12f1c601f289cecec11c4c210f14506f876ac791,false,false,false,false,500,500,0,500,0,0,500,0,0,
0x1340b7e3bf96f122eaa87e86d52ade87c8170bd1,false,false,false,false,2100,2100,0,2100,0,0,2100,0,0,
0x13e283646f203ef6b24cd5c8ed5dbbf29dd0d39f,true,true,true,true,223622,765596,1,2846,60177,160599,2846,120354,642396,
0x141d0a6b445706a8bb49307badfe7d7d7a8a9b70,false,false,true,false,8300,8300,0,8300,0,0,8300,0,0,
0x1496f0bc152842c79993946946626af285b2b077,false,false,false,false,1019.32,2043.64,0,0,1016.82,2.5,0,2033.64,10,
0x1532d98e151028ba6f4241b136c4844002612a30,false,false,false,false,100,200,0,0,100,0,0,200,0,
0x1534f20bf35904a10a1ad4c06641515d1c5d60ba,false,false,true,true,17694,54888,1,0,7944,9750,0,15888,39000,
0x15c304129c4180b31b03e3609f7a579eaad75ef0,false,false,true,false,5000,5000,0,5000,0,0,5000,0,0,
0x1678b0bd85337d2c56baa6bd83f36f3f359482c1,false,false,false,false,1222,4888,0,0,0,1222,0,0,4888,
0x1701bbf4c5cfbeeebd846866f949001809835ff5,false,false,true,true,9477,13999.3,1,4954.7,4522.3,0,4954.7,9044.6,0,
0x172697d24da16f36caf2fadc3e78b5a538fc858e,true,true,true,true,99892.75,232030,1,6629,73827,19436.75,6629,147654,77747,
0x17c57bd297175e5711ee3daf045252b588f3162f,false,false,false,false,400,800,0,0,400,0,0,800,0,
0x18386181bcd9f939b15c1acf4a5525a82e398c3e,false,false,true,false,3750,15000,0,0,0,3750,0,0,15000,
0x1872a6bfa7cad9fa489ff5f4820268c1cf307f4d,false,false,true,false,6000,6000,0,6000,0,0,6000,0,0,
0x189dbf671b5256c2ef3a3debe84b40903876b4d8,false,false,false,false,50,200,0,0,0,50,0,0,200,
0x18e0ff7c3a14cd4d7acbfad41016edf20257a02a,false,true,true,false,31000,31000,0,31000,0,0,31000,0,0,
0x191bfd0535d06c56fdf80f37990d9cd20b807e9b,false,true,true,false,33307,106769,0,0,13229.5,20077.5,0,26459,80310,
0x1a115e59610257ed0e3360a71846bcf3b6828b03,false,false,false,false,290,580,0,0,290,0,0,580,0,
0x1b76b011c0a1e03896bfc8923be228e430bb9049,false,false,false,false,2000,2000,0,2000,0,0,2000,0,0,
0x1c54bfddee111e05d6e45739c704b9bdba06a2ae,false,false,false,false,1550,1550,0,1550,0,0,1550,0,0,
0x1d3da11711f2bdcef35987fe5b072b2088bfdf59,false,false,true,true,6250,25000,1,0,0,6250,0,0,25000,
0x1d9136fa6c577adbf437db4e63dc216d331289e6,false,false,false,false,2.5,10,0,0,0,2.5,0,0,10,
0x1dd17a7386a883674ec2cefa7cbe6da75e719046,false,false,true,false,17875,25900,0,12000,4800,1075,12000,9600,4300,
0x1dd338e033e04b2756b01046fb47ac1fa6e212cc,false,false,false,false,200,800,0,0,0,200,0,0,800,
0x1e7959af4cbf22fae828da46ef18537c669d2216,false,false,false,false,125,500,0,0,0,125,0,0,500,
0x1e920de22ab994204a7f357f1ce4046544984de8,false,false,false,false,1780,1780,0,1780,0,0,1780,0,0,
0x1ec54e4dabacf888d8af8a15637a90a3fd506339,false,false,false,false,2.5,10,0,0,0,2.5,0,0,10,
0x1ef52bc0399977a8a3f171030cc9c9ebbf1f12cd,false,false,false,false,7.5,30,0,0,0,7.5,0,0,30,
0x1f5cee5df1049d3226b6365224c15180d0153122,false,false,false,false,3350,3350,0,3350,0,0,3350,0,0,
0x1fd00885df1c24aec7ebe239b9b22b3db039dccb,false,false,true,true,5750,23000,1,0,0,5750,0,0,23000,
0x1ff54c7590543b69578a896c58582f159003dc43,false,false,true,false,4875,19500,0,0,0,4875,0,0,19500,
0x20669775d663d9a461ef2b2efca8fe43954f4b13,false,false,true,true,18397,50165,1,1629,9268,7500,1629,18536,30000,
0x21c4952bc587cff830b8e6bf16bd0352a97a91a7,false,false,true,false,17500,40000,0,10000,0,7500,10000,0,30000,
0x22455ae1ccc04ab4165e338d673eaeabde304b42,false,false,false,false,350,350,0,350,0,0,350,0,0,
0x23549f0f16033d7aaf01e65ddb6b8e1eed5b4ecf,false,false,true,false,1902,7608,0,0,0,1902,0,0,7608,
0x249a4a9a08833d1230ed7fb6acb08496b69bf405,false,false,false,false,960,1920,0,0,960,0,0,1920,0,
0x255677b3a8e1003e3d4c7ab18726e881d4d331e4,false,false,false,false,35,140,0,0,0,35,0,0,140,
0x258ce53268beaa9ba97fa6b7790d7555ae4044fc,false,false,true,false,1426.5,5706,0,0,0,1426.5,0,0,5706,
0x262c69a3e9ad1b87b70dbe38942a5be1fb28270a,false,false,false,false,500,500,0,500,0,0,500,0,0,
0x264e07555473bd331d0b320791251050e6492a54,false,false,false,false,960,1920,0,0,960,0,0,1920,0,
0x26765cd74f3e206e74bf02bf21441e40b70fa616,false,false,false,false,1600,3200,0,0,1600,0,0,3200,0,
0x26a8ae8435bb9653c7c66c64217d15e397a4523e,false,false,true,false,9000,36000,0,0,0,9000,0,0,36000,
0x26c47eaba0879367817173233cf7380cd931a184,false,false,false,false,2.5,10,0,0,0,2.5,0,0,10,
0x26e850e94b0b7b672544a5b60ac3463957a817ba,false,false,false,false,2.5,10,0,0,0,2.5,0,0,10,
0x273cb48e6189c27474f5520f1795d31fb5f9d649,false,false,false,false,45,180,0,0,0,45,0,0,180,
0x27aa5a880b512beaf40d1b2e0f256b09f5711444,false,true,true,false,40234,102557,0,4453,22510,13271,4453,45020,53084,
0x27b503fd677dd889ea3e7804df492d2d809e6052,true,true,true,true,760640.01,1487373.6400000001,1,315540.88,304281.88,140817.25,315540.88,608563.76,563269,
0x2852ce37f16693b4159246d567a3a89f59511dbd,false,false,false,false,500,500,0,500,0,0,500,0,0,
0x28a6cab52923b40dbbc11683cd72bcafbb6a1cb5,false,false,false,false,951,3804,0,0,0,951,0,0,3804,
0x290aa5081d6298c181949946893876a1b76bf144,true,true,true,true,34350,34350,1,34350,0,0,34350,0,0,
0x29faeb62f4e9e1456c2feed5c6f27b13fae91dae,true,true,true,true,149347,272374,1,64370,65952,19025,64370,131904,76100,
0x2b1af5e32e5178f9f0a446d96ba490c9f9b25e7f,false,false,false,false,150,600,0,0,0,150,0,0,600,
0x2b40590f525b4f552b0efb85333877b4a0769400,false,true,true,false,28900,29300,0,28500,400,0,28500,800,0,
0x2bd9ba12f21bcfb80a8a4a632bfa407a6a23326b,false,false,true,false,17616.05,36510.6,0,2172,13718.8,1725.25,2172,27437.6,6901,
0x2bd9cf434dced9ec3e1472426cb1cdd88a113764,false,false,false,true,2.5,10,1,0,0,2.5,0,0,10,
0x2ca8b80c296f341b3f4e469494755df557033ee3,false,false,true,false,2988.5,11954,0,0,0,2988.5,0,0,11954,
0x2cb427af4dd09c56ab40c601184a3dff385dd13f,false,false,false,false,3584.08,3792.08,0,3376.08,208,0,3376.08,416,0,
0x2e7e94be872319a0d991f704e1f4fad385f5855d,false,false,false,true,3220,3220,3,3220,0,0,3220,0,0,
0x2ee88574e9d5bb876c8cc85abed41d04f1705020,false,false,false,false,500,500,0,500,0,0,500,0,0,
0x305f7f07bf15a4357807975fd5ffc1e0c539a121,false,false,false,false,3000,3000,0,3000,0,0,3000,0,0,
0x30734d5ae63a2f368acfb3d3a15e180169254b8a,false,false,true,false,10100,10200,0,10000,100,0,10000,200,0,
0x30949a61181dc54d01c5478d70c9c427464a58b4,false,false,false,false,2.5,10,0,0,0,2.5,0,0,10,
0x31c1136190bc520a8434c2f4b04c62e3547116c6,false,false,true,false,8258,33032,0,0,0,8258,0,0,33032,
0x31e292ba33e01c3a9d3467890e2e5c99e1d6562b,true,true,true,true,66119,134561,1,4137,58752,3230,4137,117504,12920,
0x31e3c86699dd171d65603d303afdcb35c7d7d0e0,false,false,false,false,273.5,1094,0,0,0,273.5,0,0,1094,
0x33651acce37f6e0a3dcf8937b6cfb2886ba7789f,false,false,false,false,2.5,10,0,0,0,2.5,0,0,10,
0x35fd35b113d587a40efc8b2fc7d348df5113b2ea,false,false,false,false,3000,3000,0,3000,0,0,3000,0,0,
0x36737250aa762a996e97d7f8f78b514455247710,false,false,false,false,480,960,0,0,480,0,0,960,0,
0x36764af31381057e722a003a69d089d54fe2c61b,true,true,true,true,120366.75,359067,1,0,61200,59166.75,0,122400,236667,
0x38bf2a516606dbf474167fe09dc5ea203fbf7629,false,false,true,false,1976.9,6245.3,0,0,831.15,1145.75,0,1662.3,4583,
0x38f5df039b0f0fac72523eb0dea196c0e6811d4a,true,true,true,true,47226.75,105062,1,4887,34592,7747.75,4887,69184,30991,
0x390cfeb54a0e4c0d5a83b78ee6ca7cd8b312ff55,false,false,false,false,282.5,630,0,0,250,32.5,0,500,130,
0x399159a6edd7fb601c94c45add22817ce7d49b60,false,false,false,false,500,500,0,500,0,0,500,0,0,
0x3b4bbc97d538915a8d9ce75f59969443d1280a9e,false,false,false,false,2.5,10,0,0,0,2.5,0,0,10,
0x3b8536705b9b333583dc0f7d5a9e934ebd63d904,false,false,false,false,150,300,0,0,150,0,0,300,0,
0x3bc6e78258959677c449dd18710741bbe8daadd2,false,false,true,false,1375,5500,0,0,0,1375,0,0,5500,
0x3bf9510091bfe5f62cfbbfcf9d671b0144d0d946,false,false,false,false,500,500,0,500,0,0,500,0,0,
0x3c7a96dc4456c16be8d525ab57372a17e4314cd7,false,false,true,false,2250,9000,0,0,0,2250,0,0,9000,
0x3c9a552e3121df5130e616a3d74a2277437bba4e,false,false,true,true,5950,11900,1,0,5950,0,0,11900,0,
0x3caee6446cbbb73569ac230939b4310dea505fa9,false,false,false,true,1000,1000,1,1000,0,0,1000,0,0,
0x3d25dda985abf6f19bebd946607ec2295159c63b,false,false,false,false,50,200,0,0,0,50,0,0,200,
0x3f7a3df9c6f5574b6e67fb26955b75e52a4e2b7e,true,true,true,true,259500,351000,1,173000,84000,2500,173000,168000,10000,
0x406a38a9a95064a54705d19648c68a7ae5e08e7c,false,false,true,true,13950,55800,1,0,0,13950,0,0,55800,
0x40adea030bbb77f450fb19bd6a5512d51a0ae47f,false,false,true,false,13300,13500,0,13100,200,0,13100,400,0,
0x41448e812733c10b6e74a90ac8086ba3a0766188,true,true,true,true,23600,94400,1,0,0,23600,0,0,94400,
0x421ec3339c0eb302d914b76da25a849735906832,false,false,false,false,480,960,0,0,480,0,0,960,0,
0x42b0765b70af2b6910f6281b3dc0c34a9cdbb65c,true,true,true,true,39953.35,90999.78,1,8133.42,22206.68,9613.25,8133.42,44413.36,38453,
0x42b81011a367d3c7f4e4b570fadd51209c93f287,true,true,true,true,232601.25,715263,2,31196,60777,140628.25,31196,121554,562513,
0x43492e8a862baa9c9fc505d95b9e67e21622ff7a,false,false,true,false,14667,14667,0,14667,0,0,14667,0,0,
0x4383947bf205529a293e0b5aef53530a6e3ab907,false,false,false,false,1000,1000,0,1000,0,0,1000,0,0,
0x43ce56f22720a07991a36960abc7d7649ab4c90d,true,true,true,true,23750,47500,1,0,23750,0,0,47500,0,
0x43e335da57c3928f1cfa75775a3694ba792c9a7b,false,false,false,false,900,2200,0,0,700,200,0,1400,800,
0x443d40b2aa10cb01884a97281dc8ac3ccb0eef2a,false,false,false,true,52.5,110,1,0,50,2.5,0,100,10,
0x44b690e6869fb158c290b27555b7dce0d699c2a1,false,false,false,false,50,100,0,0,50,0,0,100,0,
0x44d68ec828438e690f3575c9e11a2f642b593169,false,false,true,false,2736.7,6058.9,0,0,2443.95,292.75,0,4887.9,1171,
0x45120ece28c0c2076646dccd307ee6c4bf18f475,false,false,false,false,291.75,1167,0,0,0,291.75,0,0,1167,
0x45b5e0299401f38d7d18bdde102ae62cdff86429,true,true,true,true,66486.5,86150,1,54023,8863.5,3600,54023,17727,14400,
0x46d5b3108ac8be0577e1c29dc98cf729fcb8a5ae,false,false,false,false,3475.2,3475.2,0,3475.2,0,0,3475.2,0,0,
0x4744cd4caf8be6de003414c93e7955bf2db39b2f,false,false,false,false,1000,1000,0,1000,0,0,1000,0,0,
0x4774c2140f54dca848781c391e7f695a5ad38b2b,false,false,true,false,10758.5,43034,0,0,0,10758.5,0,0,43034,
0x48342442a91f648eace60fcf3be1eb6edb16972f,false,false,false,false,50,100,0,0,50,0,0,100,0,
0x490ee9a3dfe5fa4c65a4a65b3fe178a3c12398a6,true,true,true,true,27777.25,83907,1,0,13601,14176.25,0,27202,56705,
0x495565691c674b40dd05a1b4b796abccd81bad14,false,false,false,false,10,10,0,10,0,0,10,0,0,
0x498262c0458ae06ad7027c4029b53bb892e8d2d3,false,false,true,false,7375,29500,0,0,0,7375,0,0,29500,
0x49bb5f09a5d98ae38e41d496562e6caee8adfc1b,true,true,true,true,97700,378900,1,0,5950,91750,0,11900,367000,
0x49ee21d6f8f7527f56994f638f566a28d9f29eab,false,false,true,false,12500,50000,0,0,0,12500,0,0,50000,
0x4a2e38f642357691c392e968d7f6171d911de73c,false,false,true,false,4050,16200,0,0,0,4050,0,0,16200,
0x4ac616d3b98289fccd2de3a9ac7841d24bc2f52d,false,false,true,false,2250,9000,0,0,0,2250,0,0,9000,
0x4ae2e626563d112f6e50b189fe5c2db63bc60e7c,true,true,true,true,90125,216500,1,0,72000,18125,0,144000,72500,
0x4b162dba01943bd8cd8af668be72fb769999ac83,false,true,true,false,34500,34500,0,34500,0,0,34500,0,0,
0x4bdb6cc861a1e05b09679687b0d317019608f547,false,false,false,false,4094,4094,0,4094,0,0,4094,0,0,
0x4c110955797491476fe2d750c9b10b89069ed4e0,false,false,false,false,250,1000,0,0,0,250,0,0,1000,
0x4c297b30b8f391ad1516660cd71c7cb861830816,false,false,true,false,3650,14600,0,0,0,3650,0,0,14600,
0x4c45929cbb3adb3d1168e04db02dca1e6f0091e3,false,false,false,false,600,2400,0,0,0,600,0,0,2400,
0x4c7b4ba85860f156c6d698dac0a75642171e40aa,false,false,false,false,1200,1200,0,1200,0,0,1200,0,0,
0x4c7be8167c33cd4a1fc89e1afafb2724eb7d42f9,false,false,true,false,15022.8,21538.6,0,10800,3076.3,1146.5,10800,6152.6,4586,
0x4d6654beec5942aee8e3102528a58fb34a0f1b19,false,false,true,true,14229,26829,1,1629,12600,0,1629,25200,0,
0x4eb1cc06345dae34148dd6c7b051f416f0b3d9d5,false,false,false,false,1000,1000,0,1000,0,0,1000,0,0,
0x4ed2f7eadd13cdc339b67f371610bf26224e4b98,false,false,false,false,500,500,0,500,0,0,500,0,0,
0x4ed484dc968f1979cfe5ce5cdcb22e622f6faab7,false,false,false,false,500,500,0,500,0,0,500,0,0,
0x4fa96d31dd15ce27537130d4b56caee0cb436051,false,false,true,false,3000,12000,0,0,0,3000,0,0,12000,
0x50a0bee2642bc78fe2f759eae97b6a3c4c0e84f8,false,false,false,false,270,540,0,0,270,0,0,540,0,
0x50d048865570f4bdfc036dae6b8cc1cc96fd5099,false,false,true,false,6375,25500,0,0,0,6375,0,0,25500,
0x51d970a8fb30453a2c3c9e8814d20a138682b8c7,true,true,true,true,35250,141000,1,0,0,35250,0,0,141000,
0x521aacb43d89e1b8ffd64d9ef76b0a1074dedaf8,false,false,true,false,17500,40000,0,10000,0,7500,10000,0,30000,
0x52ff0010d4058bb726725ad76f542c53033d67a1,true,true,true,true,127344,250344,1,4344,123000,0,4344,246000,0,
0x5349a8ccf9153ecc815783c13431c40976ec6bb3,false,false,false,false,2.5,10,0,0,0,2.5,0,0,10,
0x536e4251055037f66bf741e13425c1691cca66b8,false,false,true,false,10000,10000,0,10000,0,0,10000,0,0,
0x538d061ac2b06f7519d24b45b31c07b351c4b05d,false,false,false,false,1000,1000,0,1000,0,0,1000,0,0,
0x53f5915683a33f912d385f0237ffc0886cac7f60,false,false,false,false,960,1920,0,0,960,0,0,1920,0,
0x56b8511e6ca3f9f4835f811050e0f7ba7d2d7665,false,false,true,true,6437.5,25750,1,0,0,6437.5,0,0,25750,
0x5735c58bfa77e5392f227cc614379e2b0a99fbf2,false,false,false,false,2.5,10,0,0,0,2.5,0,0,10,
0x57b2f9ce1c013e72f5085524a8403a03af12b7d7,false,false,false,false,704.25,1408.5,0,0,704.25,0,0,1408.5,0,
0x597f0fdbb96485cd258777248052ff0e4781fe4c,true,true,true,true,134724.5,382008,1,14778,56278,63668.5,14778,112556,254674,
0x59d146c4bb81b809291fc00173f761871fc3918d,false,false,false,false,3000,3000,0,3000,0,0,3000,0,0,
0x5a2da5cb024a6d14a6a7488b431fa191bffcc0e3,false,false,false,false,2.5,10,0,0,0,2.5,0,0,10,
0x5a4403659e239d88319328c5bc80599efb6e08a1,false,false,true,false,2427.5,9710,0,0,0,2427.5,0,0,9710,
0x5af6bb85508b1f9ec6371a2f4a489e8532775bfd,false,false,false,false,514.25,2057,0,0,0,514.25,0,0,2057,
0x5b19b7ae5def4cf04c24438a85a1252f384c643e,false,false,true,false,7933.5,15867,0,0,7933.5,0,0,15867,0,
0x5c6419ad374793bb43aa86bfab7577f4fddf93b2,true,true,true,true,108450,216900,1,0,108450,0,0,216900,0,
0x5e6445b0a68536fe267a9ef7639bf04851889cc8,false,false,true,true,1475.5,5902,1,0,0,1475.5,0,0,5902,
0x5e66f491a1caed9291b59a6297f1a9dd71294e05,false,false,true,true,14135.6,44010.2,1,1887,3435.6,8813,1887,6871.2,35252,
0x5eb71caeadf22107a578bc5261ec9a1e16fad5f8,false,false,true,true,1250,5000,1,0,0,1250,0,0,5000,
0x5ecc0ea06cc6ccdcf52aa0d1139c2813bb6ebef4,true,true,true,true,75729,217614,1,4344,36135,35250,4344,72270,141000,
0x5ee501daf7ba412fc99a84d91d4e618a56c31de3,false,false,true,false,7375,29500,0,0,0,7375,0,0,29500,
0x60859ed309e5553b39bd66edf1a3c26473da3b6b,true,true,true,true,391922.25,992252,1,4561,280877,106484.25,4561,561754,425937,
0x608a9358354a93581e686ac7ffde9d5fadbcb7e0,true,true,true,true,237071.5,369604,1,104544,132525,2.5,104544,265050,10,
0x6098e17a2945d2858368329e03c0a4a64a549814,false,true,true,false,23690.14,34223.28,0,17000,4768.64,1921.5,17000,9537.28,7686,
0x6124ee06a0905ca1c7d677c96ffb4f66430178d0,false,false,false,false,2.5,10,0,0,0,2.5,0,0,10,
0x615b95fefd5307964de2e38d544bb835c5b79717,true,true,true,true,127867,491355,2,1629,7613,118625,1629,15226,474500,
0x61d4c0eabd8f5ea3edfc77dc5fd642c2956e53b2,false,false,false,false,3100,3100,0,3100,0,0,3100,0,0,
0x61e6af86fa240c95080152e07d58e129306a8dbc,false,false,false,false,2300,2300,0,2300,0,0,2300,0,0,
0x6266de46b0ae428e8774bc6911d84d21e32d9cc2,false,false,true,false,19900,21800,0,18000,1900,0,18000,3800,0,
0x62744b8b5192fdfb72aef88b82ac716b9464b65d,false,false,false,false,3000,3000,0,3000,0,0,3000,0,0,
0x63aaf54107d8375e41f410b733d6ea3a23a8fe10,false,false,false,false,4850,4900,0,4800,50,0,4800,100,0,
0x6459a792489653efd28a65c41350e9c8058c01b2,false,false,false,false,3000,3000,0,3000,0,0,3000,0,0,
0x647ab8d44a27d241d94f887fd370b6e3187be2e3,false,false,false,false,190,560,0,0,100,90,0,200,360,
0x64ebd0bcecd5a2ca4d8e6f50d73e926e966b18ce,false,false,false,false,1700,3400,0,0,1700,0,0,3400,0,
0x65d5b68a7878a987e7a19826a7f9aa6f5f92e10f,true,true,true,true,23438.8,35848.8,2,11028.8,12410,0,11028.8,24820,0,
0x6721c4f439b25f77636f7df9b8165d3e8de4f955,false,false,false,false,2.5,10,0,0,0,2.5,0,0,10,
0x67caf5032a0138628a3d6a2b04ee6318d9afbc24,false,false,false,false,1500,1500,0,1500,0,0,1500,0,0,
0x682993931130995b557f0b4d4c9f968a1f655a81,false,false,true,true,1422.5,5690,1,0,0,1422.5,0,0,5690,
0x69757ee5fb903b311a67dec82b978d4e55d59012,false,false,true,false,8100,16200,0,0,8100,0,0,16200,0,
0x6ad6341111075c66987c5bee203b47d9dab0c2a1,false,false,true,false,6000,6000,0,6000,0,0,6000,0,0,
0x6b8affdd0a803e4537e077cf157f98bb6763369a,false,false,false,false,2.5,10,0,0,0,2.5,0,0,10,
0x6baf99ee8b1d2dcac8b9fe36236b5816ca6739c7,false,false,true,true,10625,39500,1,1000,0,9625,1000,0,38500,
0x6bd68d667eccea663b2a2bee1311f7ad6c817602,true,true,true,true,61120,88820,1,34270,26425,425,34270,52850,1700,
0x6c0a6009f83cb25648c6e25a1919112fc65b5d39,false,false,false,false,4000,4000,0,4000,0,0,4000,0,0,
0x6c7c73aef66836a1eeb524376e13e71cfb52d3ec,false,false,true,false,2250,9000,0,0,0,2250,0,0,9000,
0x6cb1429535e053abd203e64f8020564c649b14a6,false,false,true,false,14300,14300,0,14300,0,0,14300,0,0,
0x6cbba5f4d7ad06aaf2f0b234353f8466ca92d94b,false,false,false,false,500,500,0,500,0,0,500,0,0,
0x6cd5f918c5125f4e421c354e8b27d3bc9ff567f5,true,true,true,true,92549,249469,1,1629,57920,33000,1629,115840,132000,
0x6ddd333e2354507cf170efc5a79187b7b1300818,false,false,false,false,2220,4440,0,0,2220,0,0,4440,0,
0x6df33720431148ead275c3d638d6e8d7e6951184,false,false,false,false,2.5,10,0,0,0,2.5,0,0,10,
0x6e12cb75f1bd2811fd0af6a0bca1378d0d5a9bea,false,false,true,true,1665,6660,1,0,0,1665,0,0,6660,
0x6f1ea803e8468b8c8b76594455fd0165a9ff82e3,false,true,true,false,23670.75,94683,0,0,0,23670.75,0,0,94683,
0x6f67441ec6fe3ec7ee216dd1efa7c3b1cae0a288,false,false,false,false,50,100,0,0,50,0,0,100,0,
0x70fa41ec7506aaeacebf04eada4ff9fd496344a3,false,false,true,true,19200,76800,1,0,0,19200,0,0,76800,
0x710575c123338e168ef309de3791a210a3c939ae,false,false,true,false,1675,6700,0,0,0,1675,0,0,6700,
0x721cf54fc1f7afba0be05359daabc9065933d7f7,false,false,true,false,12150,24300,0,0,12150,0,0,24300,0,
0x726d714b8b6e10b6e25dd7926c92656046d9861d,true,true,true,true,102260,102260,1,102260,0,0,102260,0,0,
0x7273eb872cd29a50caf9ecf8b8e0ffebaae545d2,false,false,false,false,3250,3250,0,3250,0,0,3250,0,0,
0x7275e035d599469240a890cad00f5684c967fc4e,false,false,false,false,2000,2000,0,2000,0,0,2000,0,0,
0x72ce2e0354cbe02bbcde91928bf781ec1d738bf9,false,false,false,false,400,800,0,0,400,0,0,800,0,
0x748e001b9fd86b776f2f3a1db7894550c53bbb50,false,false,true,false,2648.96,5297.92,0,0,2648.96,0,0,5297.92,0,
0x75f6b52ac3c7cf43cc56e485127cce42f9a8509d,false,false,false,false,2800,2800,0,2800,0,0,2800,0,0,
0x7743ab13b60513b7c7e2f423699a4099c0f57660,false,false,false,false,3450,3450,0,3450,0,0,3450,0,0,
0x77bbfa1e9088b6763fdf18d4655421e81afaacee,true,true,true,true,85321.25,308203,1,5000,9041,71280.25,5000,18082,285121,
0x77d585c25c6e984b1b1fcd6e79bf3ce946d77260,false,false,false,false,1600,1600,0,1600,0,0,1600,0,0,
0x78287c947bac1bd970c6ee32feb6fe309a6bdbc1,false,false,false,false,2000,2000,0,2000,0,0,2000,0,0,
0x78d7e9aec1257e025cdba3daa76769e77b97bbc8,false,false,true,false,5900,5900,0,5900,0,0,5900,0,0,
0x78f625a65fc316d32d98d249b698fb509a6d98f2,false,false,true,true,7500,30000,21,0,0,7500,0,0,30000,
0x790ac11183dde23163b307e3f7440f2460526957,false,false,true,false,3750,15000,0,0,0,3750,0,0,15000,
0x793cf937b4499eb1d7ecd68634b68cec78eef84e,false,false,false,false,150,300,0,0,150,0,0,300,0,
0x796ac058028f19974a4f8256f6b30fedcc96537d,true,true,true,true,88848,88848,1,88848,0,0,88848,0,0,
0x7a4926dad542bc74bd1170dcc7547ab1b63fe115,false,false,true,true,5537.5,22150,1,0,0,5537.5,0,0,22150,
0x7a6ff8906f68c0ceafdd61c2e5d39834cf0b39f1,true,true,true,true,113590.92,182325.84,1,60421,45387.42,7782.5,60421,90774.84,31130,
0x7ad65723f10394dd27b1ec59a0e37d6b9ea6cd29,false,false,false,false,2.5,10,0,0,0,2.5,0,0,10,
0x7c12c702ed50ef37e15bedb0d53207a4abce1e6c,false,false,false,false,500,1000,0,0,500,0,0,1000,0,
0x7d31974357498c26caf13087e7609a2435039c44,false,false,false,false,125,350,0,0,75,50,0,150,200,
0x7d53ba1d70a66d572a90e3e80ad4253769340ee7,false,false,true,false,9600,9600,0,9600,0,0,9600,0,0,
0x7ea1eaa27b313d04d359bf3e654fe927376e31bb,true,true,true,true,481780.5,1112174,1,26018,368447,87315.5,26018,736894,349262,
0x7ffca0796a835d2de97f5f038d8c94de0249624d,false,false,true,false,18132,25482,0,10782,7350,0,10782,14700,0,
0x800819b08c66a1ecbea09e4b64c7e3412c104df5,false,true,true,false,71873,130868,0,38378,20745,12750,38378,41490,51000,
0x8046b31de1acaffbf3be6f547beaf8d22b2f545d,true,true,true,true,68900,87800,1,50000,18900,0,50000,37800,0,
0x8184561204f6180496bfee4ddfd9dc2c0b57b5de,false,false,true,false,10000,10000,0,10000,0,0,10000,0,0,
0x819bfb41067a9a2698001f54891b68df370f2e31,false,false,false,false,566,801,0,331,235,0,331,470,0,
0x81a03f3b95f5f30146d1835c4f8d85b13bd20c7c,false,false,false,false,1000,1000,0,1000,0,0,1000,0,0,
0x81ece5b8e7c464aa5c6297ef05ae1d9eebe59627,false,false,true,false,2531.25,10125,0,0,0,2531.25,0,0,10125,
0x82944b68bb92fa11764041aa61204b5fdc85f429,false,false,true,false,1250,5000,0,0,0,1250,0,0,5000,
0x842ac1b1ebc8d9aac5f51127296fbe7191601218,false,true,true,false,38000,38000,0,38000,0,0,38000,0,0,
0x84efc8925c4fd657759dac68e4e37701e1793653,false,false,false,false,2610,2610,0,2610,0,0,2610,0,0,
0x854bc938b080f4e1b58b983d999c47e15de0b67a,false,false,false,false,360,720,0,0,360,0,0,720,0,
0x85633c25d2518dc5e6e05b8c9dc4596db2918575,false,false,false,true,1885,4240,1,1100,0,785,1100,0,3140,
0x85c70d592ab79ec278eeb6819afa0dfd17681597,false,false,false,false,2000,2000,0,2000,0,0,2000,0,0,
0x8638808b98844e2b5bf7383caca50d6f4083edf8,false,false,false,true,960,1920,1,0,960,0,0,1920,0,
0x868086c52a1cdfe542198c7c8dde4ee421335b15,false,true,true,false,35000,35000,0,35000,0,0,35000,0,0,
0x86fc1b08fdebb8d855019b5d7318a696c6de9e98,false,false,false,false,62.5,250,0,0,0,62.5,0,0,250,
0x871608cba092105b91e91295a1d79ffc539bfb48,false,false,false,false,202.5,710,0,0,50,152.5,0,100,610,
0x8817e259b93256bbb86de6cd2e9b8612763cc674,true,true,true,true,22581.1,34830.2,2,12771,8590.6,1219.5,12771,17181.2,4878,
0x88a0093c293113177175d3a995c49eeb68a887d9,false,false,true,true,3500,14000,1,0,0,3500,0,0,14000,
0x8961c3b806c64fca262407fc164c1c67a7d9445a,false,false,true,true,16200,32400,1,0,16200,0,0,32400,0,
0x89c60c01f2e1d1b233253596bf1c2386bdfeb898,false,false,false,false,2590,2590,0,2590,0,0,2590,0,0,
0x8a0af91441f2f84ea3da03beddea96d43ec24b5a,false,false,false,false,3100,3100,0,3100,0,0,3100,0,0,
0x8aa2bad3b3bc62865ac2314fa7c8934e5c21f213,false,false,false,false,2.5,10,0,0,0,2.5,0,0,10,
0x8ab6b5c37b1ffa826ecfbdc2f6a835d64e755100,false,false,false,false,115,260,0,0,100,15,0,200,60,
0x8b1ad12fbaf6c2cc6f831c4fae490ea437217cd5,false,false,false,false,392,1568,0,0,0,392,0,0,1568,
0x8ba03b63396c97b2ffd0ea80a0be006d9fc2e02c,false,false,false,true,1125,4500,1,0,0,1125,0,0,4500,
0x8c7ff116f6d10f1d866e816ea61e177590903622,false,false,true,true,8270,16540,1,0,8270,0,0,16540,0,
0x8c913aec7443fe2018639133398955e0e17fb0c1,true,true,true,true,387200,387200,5,387200,0,0,387200,0,0,
0x8d579e616f9f2696ff00008be8a9566e2744074c,false,false,false,false,1016.8,2033.6,0,0,1016.8,0,0,2033.6,0,
0x8e3fe66c1bced6136c76279af0ee0fb9e9466c0a,false,false,false,false,2100,2100,0,2100,0,0,2100,0,0,
0x8ec882e845f60c7c0a65dce55982a0139a65dfe7,false,false,false,false,85,340,0,0,0,85,0,0,340,
0x8fecbc9f3ab7f2f0e7560cef78b907757f5f51a1,false,false,false,false,400,800,0,0,400,0,0,800,0,
0x902b13e46305e3ae10f70871c6d0bca9e5446b07,false,false,true,false,7450,7450,0,7450,0,0,7450,0,0,
0x913d7434a18f0ef40181b92a9603e0425ab0addf,false,true,true,false,56100,56100,0,56100,0,0,56100,0,0,
0x91439ecefa1ba082f0d285559eddec6301c9d429,false,false,true,false,3732.25,14929,0,0,0,3732.25,0,0,14929,
0x920aadb58050ef2dd18a0c0e4ff6d54a88b67781,false,false,false,false,475.5,1902,0,0,0,475.5,0,0,1902,
0x92303a59161be115ad6248cac01555b39f7d77b1,false,false,false,false,700,2800,0,0,0,700,0,0,2800,
0x9301f653551903d42d7d3d3cb3badcd154af6b29,false,false,false,false,50,200,0,0,0,50,0,0,200,
0x932a54b9e916ab39c974743f2065cb4384f2fdea,false,false,true,false,1625,6500,0,0,0,1625,0,0,6500,
0x9672c0e1639f159334ca1288d4a24deb02117291,true,true,true,true,302035,854345,1,26737,136792,138506,26737,273584,554024,
0x96f8568050f5a30191a424214dbe3d5d5b39c351,false,false,true,true,5250,21000,1,0,0,5250,0,0,21000,
0x9731c556a8f285fa33ff3dec4add14784b944036,false,false,true,true,1250,5000,1,0,0,1250,0,0,5000,
0x97d455835a3ae0f0616f280286439e248f8cb030,false,false,false,false,2300,4600,0,0,2300,0,0,4600,0,
0x97dd69ed21ad059bc7ff6c3a52d84a29e966202d,false,false,false,false,10,40,0,0,0,10,0,0,40,
0x97eca9abc70d37149012f2a9d02f21646b5d684b,false,false,false,false,475,1900,0,0,0,475,0,0,1900,
0x98f5cc4b2ef83a6168ef11a96af7be47b12aaae4,false,false,false,false,1000,1000,0,1000,0,0,1000,0,0,
0x991b1ade06d49454fd7a2caeaf31f908e00d1c63,true,true,true,true,265088,401880,4,141296,117292,6500,141296,234584,26000,
0x9965c18b17a4ba7e81765050f838d7977588b717,false,false,true,false,4125,16500,0,0,0,4125,0,0,16500,
0x9a9737e821bb216ef74cd0e6b2dd3e4fff98c681,true,true,true,true,26541.75,106167,1,0,0,26541.75,0,0,106167,
0x9aa9abd9d470a16e3ba6189d8ac86613ff8330e5,false,false,false,false,55,220,0,0,0,55,0,0,220,
0x9b32743aed96521b36d5aa541971b02d86a6c989,false,false,false,false,500,500,0,500,0,0,500,0,0,
0x9bd8011af154f63589d8c71d50238c44ad7a6764,false,false,true,true,14530,24380,1,11180,100,3250,11180,200,13000,
0x9bdff5eb0727f7042ae27244b3d0f7f78c5dd12e,false,false,true,false,6000,6000,0,6000,0,0,6000,0,0,
0x9c017079fcb2fd7f38ebd41ebedcfd86d2d29d17,false,false,false,false,1200,1200,0,1200,0,0,1200,0,0,
0x9c058274c77182a9525a83c4a798af4af0d3dd45,false,false,false,false,1000,1000,0,1000,0,0,1000,0,0,
0x9c5ab52309c486ff93b20772ec4b113da3b42017,false,false,true,true,7266.25,29065,1,0,0,7266.25,0,0,29065,
0x9c8005a92d8e8bcd97a88b7d05c38c5b101a9873,false,false,false,false,500,500,0,500,0,0,500,0,0,
0x9d42a19e504f5f87f8b4edf7f9abf510a3026fab,true,true,true,true,46778.75,164531,1,0,11292,35486.75,0,22584,141947,
0x9da57082e3a5f5514dd15538cba75f5ac53046ab,false,false,false,false,450,900,0,0,450,0,0,900,0,
0x9e0da5e51bcab0fb9571a71bdcbd816d0caa88e2,false,false,false,false,250,1000,0,0,0,250,0,0,1000,
0x9e396709d40107c2242beab6b6f8aea9be6cf05a,true,true,true,true,49759.25,169037,1,0,15000,34759.25,0,30000,139037,
0x9e89a144f7c05eb0d258b61a71d00bca79e42715,true,true,true,true,60774.06,134196.92,1,15278.2,31532.36,13963.5,15278.2,63064.72,55854,
0x9ea8848e5b2d74b371f4df19b1e5e6b251cc0237,false,false,true,true,11125,39500,1,0,2500,8625,0,5000,34500,
0x9eaab4584192029dfc49f8982f4a1ecfa82ebf94,true,true,true,true,25462.5,101850,1,0,0,25462.5,0,0,101850,
0x9f09c50a3ffc5035ef67f0075773cb6c8754ce54,false,false,false,false,500,500,0,500,0,0,500,0,0,
0x9f0a97311761d0560ae9496ec76f6b58c7970e3e,false,false,false,false,2.5,10,0,0,0,2.5,0,0,10,
0x9fbde1512d2aeb2000866fa6f8a01e6bc80559e0,true,true,true,true,62608,75108,1,50108,12500,0,50108,25000,0,
0xa03239b8c59df2c79665d8cfbf3a6c1a9b2e5668,false,false,false,false,2.5,10,0,0,0,2.5,0,0,10,
0xa0c4fa4e20c58d100986b91bdbcf3bc363acc107,false,false,false,false,550,2200,0,0,0,550,0,0,2200,
0xa20ffa573fa87bab4999c0b2ab9f3d1f45d1f506,false,true,true,false,20000,20000,0,20000,0,0,20000,0,0,
0xa2514f9480ee6a0b859c99f540676333e0c9ab19,false,false,true,false,11709.5,46838,0,0,0,11709.5,0,0,46838,
0xa2a77add283006c33f06101eff5c266f3cd5ead1,false,false,false,false,1600,3200,0,0,1600,0,0,3200,0,
0xa344233d26f6a064dafb0aac726516e718efd885,false,true,true,false,20000,20000,0,20000,0,0,20000,0,0,
0xa41923b03f45e5d0b4bc5ea464ddadbaf83c276c,false,false,false,false,275,1100,0,0,0,275,0,0,1100,
0xa43f37e80f98a3a4c886ba862adc8bdbce40142b,true,true,true,true,22400,22400,1,22400,0,0,22400,0,0,
0xa4f64a20fb1b2f1fd33840d471a3724feaada7c9,false,false,true,false,10500,10500,0,10500,0,0,10500,0,0,
0xa50bb794012b9617cdcac8653f8041842f3c4315,false,false,false,true,625,2500,1,0,0,625,0,0,2500,
0xa6097a4adf23553623a7917bbbb28c7bb2a7775c,true,true,true,true,20036.75,47601,1,4670,9268,6098.75,4670,18536,24395,
0xa6270e61a6485f649f7e18b6e9ebf4d1d184d69d,false,false,false,false,2000,2000,0,2000,0,0,2000,0,0,
0xa672f027765d044ea786149c86daef1c0344f901,false,false,true,false,2852.5,11410,0,0,0,2852.5,0,0,11410,
0xa846e8ac54cd552d71603ac72f65dc4bc81a30d5,false,false,false,false,2.5,10,0,0,0,2.5,0,0,10,
0xa8b69b8a160110115f25d2174c727d8644676e45,false,false,false,false,1600,1600,0,1600,0,0,1600,0,0,
0xa912cf5d10c87b7fc9cf6b47d203bd1052d02c67,true,true,true,true,26845.5,53583,1,108,26737.5,0,108,53475,0,
0xaaaef16f3c498114947f13dd21b58f8d182fb44f,false,false,false,false,2.5,10,0,0,0,2.5,0,0,10,
0xaaf2f3a917e5ac907efd9c0f3fd752cc9d66dc08,false,true,true,false,20000,20000,0,20000,0,0,20000,0,0,
0xab206fb4b72009c5c7e78c2a91b0b8e63fb73e34,true,true,true,true,360915,967892,2,40588,177002,143325,40588,354004,573300,
0xab3ea894975b348693ab9c0835c0b573351fb6d4,false,false,false,false,50,100,0,0,50,0,0,100,0,
0xab6f4fa8e1f58d4c93334c6a9625a6450c82736b,false,false,true,false,6250,25000,0,0,0,6250,0,0,25000,
0xaba775acf88723e05db5546bae58f10c20a9f061,true,true,true,true,199861.5,509765,1,4453,138161,57247.5,4453,276322,228990,
0xac7f82934aefa6837f5ee18b20fd8f38c4569a3f,false,true,true,false,42741.75,170967,0,0,0,42741.75,0,0,170967,
0xaca455f98f08366df95e2729bf6fd3e2976bf68f,false,false,false,false,50,200,0,0,0,50,0,0,200,
0xacbe55e1e05280746ddbe41818d7a4b77aa2a49e,false,false,false,false,500,500,0,500,0,0,500,0,0,
0xacc067a837bdadd90457b13dba54cb752f836b56,false,false,false,false,600,600,0,600,0,0,600,0,0,
0xad483c143903a8a35ce15133e7dd99d4d6af732c,false,false,true,false,10050,10050,0,10050,0,0,10050,0,0,
0xae0e344672a848a174aec37ce4144e05b80c440a,false,true,true,false,45200,51200,0,39200,6000,0,39200,12000,0,
0xae688769199ad52187f4763566dfebb69f5d0ec4,false,false,false,false,500,500,0,500,0,0,500,0,0,
0xaee324d15856de63bb09979f68a345c4c2a03f67,false,false,false,false,3250,3250,0,3250,0,0,3250,0,0,
0xb03b7db0bc32d4b7ef0a4c04cb0305f4e1e5731a,false,false,false,false,1000,1000,0,1000,0,0,1000,0,0,
0xb0bcc8d01ef6598ea96f91de6abf426a5165d820,false,false,false,false,2.5,10,0,0,0,2.5,0,0,10,
0xb14dce20c83727b4ee807aed7ae7046cf3e1870e,false,false,true,false,2625,10500,0,0,0,2625,0,0,10500,
0xb15115a15d5992a756d003ae74c0b832918fab75,false,false,true,false,8797,35188,0,0,0,8797,0,0,35188,
0xb177861050d607ada9ab10886b5273a021e9ee2e,false,false,true,true,8750,35000,1,0,0,8750,0,0,35000,
0xb21f4a6786a2d20dace22ce113b05b71b5fa6034,false,false,false,false,1000,1000,0,1000,0,0,1000,0,0,
0xb2206f941a5206b55bfa33e665687523a8bced80,false,false,false,false,3300,3300,0,3300,0,0,3300,0,0,
0xb31a28ca68069223ddc3ae7b4668fe5f671e6c36,false,false,false,false,20,40,0,0,20,0,0,40,0,
0xb3b65a662b7164d46b70b591b69898ec92229b1c,false,false,false,false,1100,1100,0,1100,0,0,1100,0,0,
0xb40d74830bb518852907456e2dcfa02f9d29b897,false,false,false,false,3150,3150,0,3150,0,0,3150,0,0,
0xb43b1164f189d2d277094a7a34836a9d3d271fd2,false,false,false,false,12.5,50,0,0,0,12.5,0,0,50,
0xb48eea90c3bf38f9406df8a9f6bb376deb9ec967,false,false,false,false,125,500,0,0,0,125,0,0,500,
0xb54fe4d4fcd26849992d73d8ad9ab05cb1e572db,false,false,true,true,15400,61600,1,0,0,15400,0,0,61600,
0xb550cdd86ecd1c0165897fa508cf3a684de36076,false,false,false,false,480,960,0,0,480,0,0,960,0,
0xb67568c8a7aa3117c75b3ebb699672acead8d758,false,false,true,true,9527.43,23758.32,1,3582.54,1801.89,4143,3582.54,3603.78,16572,
0xb789a1297b1f5d46435d1679e18696438a795b04,false,false,true,true,1555,5320,1,300,0,1255,300,0,5020,
0xb8abe31a6caf1217d632190559b2c1fd909178ec,true,true,true,true,175359.82,317884.52,1,32835.12,142524.7,0,32835.12,285049.4,0,
0xb8aee482305b7b219704350786fce47847cec996,true,true,true,true,202998.5,379348,1,26649,176349.5,0,26649,352699,0,
0xb9f8a98916c14036aeeda49d9c281e25011f48a3,false,false,true,false,1502.5,6010,0,0,0,1502.5,0,0,6010,
0xba1555ddbc9961aae5d569c6dca029d598c51436,false,false,true,true,1750,7000,1,0,0,1750,0,0,7000,
0xba75be09d78faa59a5091e38e5e5672dc7f18a20,false,false,false,false,2.5,10,0,0,0,2.5,0,0,10,
0xba976b8f86bd02cbbb3ff9406b6c9b5a5d34c00d,false,false,false,false,1500,1500,0,1500,0,0,1500,0,0,
0xbb78fcf0dc31eb4e9c7889d2917cde45322984c6,false,false,false,false,500,500,0,500,0,0,500,0,0,
0xbbdb2a3b3f96a70cebc24c2b30bed3cbfdba5e06,false,false,false,false,2.5,10,0,0,0,2.5,0,0,10,
0xbbdd710a4960acbe1248eaa4f1ec68fe7db68f9e,false,false,false,false,2.5,10,0,0,0,2.5,0,0,10,
0xbd684bc7af2610ec523fca342b83ef6d5b3741ce,false,false,false,false,320,640,0,0,320,0,0,640,0,
0xbdbffb9c2a660e6fdaf49f01519b84f2a0bd2000,false,false,false,false,1000,1000,0,1000,0,0,1000,0,0,
0xbe3018ec0a8d780833336251e591a58097d8618a,false,false,false,false,167.5,370,0,0,150,17.5,0,300,70,
0xbe71677f2d80a238c53948dad091556a623d9bdd,false,false,false,false,3014,3014,0,3014,0,0,3014,0,0,
0xbecc3ea31ee6d12c81b01cdedfb75bc3dded9f34,false,false,false,false,52.5,210,0,0,0,52.5,0,0,210,
0xbeff8bbd7501b0787575a2b94ac95e21e41c3d66,false,false,false,false,3200,3200,0,3200,0,0,3200,0,0,
0xbfc14bc72590eb653af0873d3401fac602942ad3,false,false,true,true,5270,21080,1,0,0,5270,0,0,21080,
0xbffe9d81bda9fe1283b8bc26d45cad342ba00426,false,false,false,false,1100,1100,0,1100,0,0,1100,0,0,
0xc03cdca77d912696f3a54eb92bdec117f4925050,false,false,false,false,3500,3500,0,3500,0,0,3500,0,0,
0xc153cf1f34eda8fc7e28ce4f4b891194bdf0b145,false,false,false,true,375,1500,1,0,0,375,0,0,1500,
0xc1c2d0860a213c630c7e285eb5b8b1ebdfa205b1,false,false,true,true,8255,24910,7,1600,1655,5000,1600,3310,20000,
0xc247a2a860ec45854f2c697f42db41840df8962e,false,false,true,false,2037.25,7049,0,0,550,1487.25,0,1100,5949,
0xc25f64d5a2ad90eb463388df6b5bafc468ba658e,false,false,true,true,12956,23306,1,2606,10350,0,2606,20700,0,
0xc2f62826b57554b4a6054048e5c9667c0086966c,false,false,false,false,1500,1500,0,1500,0,0,1500,0,0,
0xc341683d1ee57b13ab90a1fc00f38dc6f7afdd14,true,true,true,true,31625,111500,1,0,7500,24125,0,15000,96500,
0xc35f47082e2ffbfda3f4e8fbeea5a10842af902a,false,false,false,false,2.5,10,0,0,0,2.5,0,0,10,
0xc381bb25481b9f0b320f13f0be4305e19f7f1f62,false,false,false,false,3250,3250,0,3250,0,0,3250,0,0,
0xc5a63f32a9aa14c629cf856b25ff2d8d5b94aa1b,false,false,true,true,17550,35100,1,0,17550,0,0,35100,0,
0xc6c68296f0d9694c45977f5842303568d0f8b90c,false,false,true,false,13213.83,22953.16,0,6105,5793.58,1315.25,6105,11587.16,5261,
0xc7302c698b665380b3bf15cfeb8d38514d91aadd,false,false,false,false,750,3000,0,0,0,750,0,0,3000,
0xc81082690edc8cde6d83a7549aa6a74534305372,false,false,false,false,500,500,0,500,0,0,500,0,0,
0xc81d59059ff38d61acd50bf4421cfa5337544790,false,false,true,true,9225,34200,1,0,1350,7875,0,2700,31500,
0xc92a71264d2e4e5e7b4e54a9b104a3b54bd816f6,false,false,true,false,15000,60000,0,0,0,15000,0,0,60000,
0xc92a88e2d17887646a40ddb0ddbbbe5c2a72512c,true,true,true,true,109838,198988,1,20688,89150,0,20688,178300,0,
0xc93bbd6b37893667bf1e100f7bd445e3044d72c9,false,false,true,false,3750,15000,0,0,0,3750,0,0,15000,
0xc974ae1d5353068641fc713a35f991fa3ff162a9,false,false,false,false,10,40,0,0,0,10,0,0,40,
0xca41568a36b41440c59084be3010d334b3553bf5,true,true,true,true,42137.25,152682,1,0,7933.5,34203.75,0,15867,136815,
0xcade70a43ce1f170d717aa139aae3eb581af5783,false,false,false,false,185,370,0,0,185,0,0,370,0,
0xcb0ce7fd46bce2ab4d561642e601ff14a9220422,false,false,false,true,175,700,1,0,0,175,0,0,700,
0xcb994503ceb5e4f920c6d72dee11a3a212940d65,false,false,false,false,2.5,10,0,0,0,2.5,0,0,10,
0xcc3f58c9f934470a1fcef9ff8e48eb7b3e7b7ac7,false,false,false,false,1572.5,3145,0,0,1572.5,0,0,3145,0,
0xcc5db6f29944979a3f822e705412b471dcd9da74,false,false,true,true,1777.5,7110,3,0,0,1777.5,0,0,7110,
0xccf97cecdd74d49ba17e58ce9d72dfc9ed2d983f,false,false,false,false,5,20,0,0,0,5,0,0,20,
0xcdc11a65b5696ab1460fcb0d1b2c1909b1e8da7f,false,false,false,false,850,1700,0,0,850,0,0,1700,0,
0xcdfabc2005b8ad067e105edb31cb922ca2a7a44d,false,false,true,false,1875,7500,0,0,0,1875,0,0,7500,
0xce18a7452d57579d6c6b885b69b1978067cd2d87,false,false,false,false,1700,1700,0,1700,0,0,1700,0,0,
0xcea9f52fb205846b0c2956ab347e078b564277f0,true,true,true,true,45242.65,139012.9,1,4441.9,14316,26484.75,4441.9,28632,105939,
0xcf1b6522890c640dcd5075284d3d73e193d21839,false,false,false,false,7.5,30,0,0,0,7.5,0,0,30,
0xcf7f26fa54cd80ed00793b28b9f5856964b6885d,false,false,true,false,2775,11100,0,0,0,2775,0,0,11100,
0xd01efb70f91e464a741cd24a30f8954779c3154c,false,false,true,true,12866.88,14884.619999999999,1,10849.14,2017.74,0,10849.14,4035.48,0,
0xd032322b38e351810884ec67865a3cca1d80f20a,false,false,true,false,6236.5,23488,0,0,729,5507.5,0,1458,22030,
0xd04a155c4b06724cc6d929db55e164f8d4ee3991,false,false,true,false,15000,15000,0,15000,0,0,15000,0,0,
0xd0ce3a24cb7afdcacd72197b4c28799f73611a4f,false,false,true,true,14275,32100,2,0,12500,1775,0,25000,7100,
0xd128fa6476c138f32b23f0a6d49361bfcd59e93e,false,false,false,false,2.5,10,0,0,0,2.5,0,0,10,
0xd17d6fbdcdaa8f5704cf9b0eddb68d6189669da0,false,false,true,false,5400,10800,0,0,5400,0,0,10800,0,
0xd19a90f83ebc943830a9bb55704a4355dcb73c07,false,false,false,false,2.5,10,0,0,0,2.5,0,0,10,
0xd1e65357d766edfebb888f48626e8339f26cc179,false,true,true,false,20000,20000,0,20000,0,0,20000,0,0,
0xd3168e6242441c7a644a60810a138269853b94d4,false,false,false,false,500,500,0,500,0,0,500,0,0,
0xd328625ee2172cb076b9f2d82225cf248b526b27,false,false,false,false,2.5,10,0,0,0,2.5,0,0,10,
0xd36bc4a9dacb174f866548397c1744d9a6858cbd,true,true,true,true,23500,60500,1,0,16750,6750,0,33500,27000,
0xd3c2798da0bf40d8cb08ed90ec6de165f4227caf,false,false,false,false,2800,2800,0,2800,0,0,2800,0,0,
0xd3e11a55a3821bb03c282b4c7b70cbf8f6b89c1d,false,false,false,false,3200,3200,0,3200,0,0,3200,0,0,
0xd47aec165d7469e266f650a049c973ec95c706f6,false,false,false,false,4930,4930,0,4930,0,0,4930,0,0,
0xd4f0a5bda36feb1d7b679000280ed0fa2ed3d0b5,false,false,false,false,2700,2700,0,2700,0,0,2700,0,0,
0xd5fc60d1aba3e144e10578b44e1070e19a7d21f5,false,false,false,false,1500,1500,0,1500,0,0,1500,0,0,
0xd74554760adc11bb290e28ba7fc07c33923693ef,false,false,true,false,5881.25,17327,0,2066,0,3815.25,2066,0,15261,
0xd767fb7f40209473f3cf1052350e8ed2290514f7,false,false,false,false,1600,1600,0,1600,0,0,1600,0,0,
0xd7d4c3ed91d6c993fa5df02ec211faa6a28ede82,false,false,true,true,16625,66500,1,0,0,16625,0,0,66500,
0xd8015579d04d3205c8a35244c7ce64b0bd6de822,true,true,true,true,35399,135638,1,0,2979,32420,0,5958,129680,
0xd847ed72649a39aad263ac7a1dcae6eeb9d51e16,true,true,true,true,39585,62670,1,30000,2835,6750,30000,5670,27000,
0xd8652a853f4ac24c797faa02e4633bd69ac9394d,true,true,true,true,93334.5,103335,1,83334,10000.5,0,83334,20001,0,
0xd910de88418ec64a10b00eb45c45867c8a77bc98,false,false,false,false,1500,3000,0,0,1500,0,0,3000,0,
0xd93b7a0f0dfec89e5c123abea5277c4c454ee208,false,false,true,false,6750,27000,0,0,0,6750,0,0,27000,
0xd99309c5cd08211b43c18130c82b66c9dfc10c35,false,false,true,true,6250,25000,1,0,0,6250,0,0,25000,
0xda3b46e7506eb94a9a37475e214d5d75f5555309,false,false,false,false,162.5,650,0,0,0,162.5,0,0,650,
0xda563ed7b18c2038c18585a07b73abfc707d8eb4,false,false,false,false,135,540,0,0,0,135,0,0,540,
0xdab3757ed6bf2958a9d866b000e911224e7cdd9e,false,false,false,false,2.5,10,0,0,0,2.5,0,0,10,
0xdafe3083bd4865ade8fea183c0e058a585bab68b,true,true,true,true,134698,237233,1,32163,102535,0,32163,205070,0,
0xdb9712c58a57e0a1eb07912e1acf7aecb0cb2c9b,false,false,false,false,2000,2000,0,2000,0,0,2000,0,0,
0xdc0fb244722383bb12fb9970bc46e60c94fd78f7,false,false,false,false,1699,1999,0,1409,285,5,1409,570,20,
0xdc788af054e68bb012792a77b4f6b74c29335071,false,false,true,true,10000,10000,1,10000,0,0,10000,0,0,
0xdc83a95ba39ce454519b3320355f2593e7137c7c,false,false,true,true,6250,25000,1,0,0,6250,0,0,25000,
0xdca9e66dfc7b391add7fc847d05f13264b73f2d2,false,false,true,false,16500,16500,0,16500,0,0,16500,0,0,
0xdd15b502789482bf1507c570b8a4e58c7b437a9c,false,false,false,false,2.5,10,0,0,0,2.5,0,0,10,
0xddf29c0e97601d8ab661c4b3c3a8ac7d9bd5cb77,false,false,true,false,16825,26950,0,13450,0,3375,13450,0,13500,
0xde18a61587bfbabe1216fd20ca404bb300e0a9e8,false,false,false,false,2200,2200,0,2200,0,0,2200,0,0,
0xde87cb623c732f078542af4f50cfadb83a645ed5,false,false,false,false,20,40,0,0,20,0,0,40,0,
0xded92478fb928a677b56e023e85ec021139ed991,false,false,false,false,991.75,3967,0,0,0,991.75,0,0,3967,
0xdf13d4d5df8b9ecd5df254aa19e7e4e2cf1e0b21,false,false,false,false,1140,1140,0,1140,0,0,1140,0,0,
0xe02533f1b8bc4befd8561df63721a96936f978f9,true,true,true,true,21778,38278,1,6278,15000,500,6278,30000,2000,
0xe17205b104f7bd918c08936924d1c2757e37a4e7,false,false,true,false,2252.5,9010,0,0,0,2252.5,0,0,9010,
0xe1ba0b1c2c193c1b4d73e883b6ba73ff7789ff75,false,false,false,false,125,500,0,0,0,125,0,0,500,
0xe28391fd7a4acb2c2c0f72b334a0d0cc10626791,false,false,false,false,785,3140,0,0,0,785,0,0,3140,
0xe30ce0ad68192cf1fa258df0b7d7a6fcf64b580b,false,false,true,true,8553.2,20417.04,1,2691.36,2860.84,3001,2691.36,5721.68,12004,
0xe3a3ddbbd945ca1f565fdf8699788003e05ffe84,false,false,true,true,3794.88,6479.16,1,1110.6,2684.28,0,1110.6,5368.56,0,
0xe3db91f3b07f282f9890ae52e7fc0bd2adee2c74,false,true,true,false,23000,23450,0,22550,450,0,22550,900,0,
0xe51b8d0eeb18b7838b016deeb62d3634399fbcf7,false,false,true,false,6250,25000,0,0,0,6250,0,0,25000,
0xe72cee7ab10a3cdd7e1f0080aa512b86822414c2,false,false,true,true,5625,22500,1,0,0,5625,0,0,22500,
0xe7339d4421c2d0290d38eaa06657e9e2dd8d3bd8,false,false,true,true,5000,5000,1,5000,0,0,5000,0,0,
0xe770726257d197ee621617b865a2f1807c356a48,false,false,true,false,3150,12600,0,0,0,3150,0,0,12600,
0xe7aaa581360752f8f38b59039c28c31854f752d6,false,false,false,false,50,100,0,0,50,0,0,100,0,
0xe7fbb488fbc13308c3be233878ed87372d6c9fc2,false,false,false,false,1100,1100,0,1100,0,0,1100,0,0,
0xe88df653a6907062e51700f028ce671eb39b761c,false,true,true,false,57500,230000,0,0,0,57500,0,0,230000,
0xe8db51eefd0d9ad2c4f23bd063043cefca3cce77,false,false,false,false,960,1920,0,0,960,0,0,1920,0,
0xea5006249c8c126955a7adc5c2fdfe86e4d7a501,false,false,false,false,250,1000,0,0,0,250,0,0,1000,
0xeaee5ff4f5df2490ca815566a221207052f689b8,false,false,false,false,2000,2000,0,2000,0,0,2000,0,0,
0xebe83b6d83f9fd5bd623ff1e90da7ae1f2464727,false,false,true,false,7495.75,29983,0,0,0,7495.75,0,0,29983,
0xec1e9d03a08d3d2373666d9606313f4901b4147c,false,false,true,true,11012.5,44050,1,0,0,11012.5,0,0,44050,
0xec3fd22fa15325b2e1e794231652cafe4f1abb7a,false,false,false,false,1500,1500,0,1500,0,0,1500,0,0,
0xece2bbab13b8b7aa5d1f1832ec9b1527f11224c0,true,true,true,true,85944.75,256261.41999999998,1,5669.08,35255.17,45020.5,5669.08,70510.34,180082,
0xed3fb32c5c61f00f4dc7f4b64fd8378bf1a15f61,false,false,true,false,8756,8771,0,8751,0,5,8751,0,20,
0xed8f194f0a116575316e3f58febd40ecf6dcec13,false,false,false,false,1600,1600,0,1600,0,0,1600,0,0,
0xef0f49c09f502efbb5be9b12e2e391a44653e3fd,true,true,true,true,38913.549999999996,46113.399999999994,1,32963.7,5324.85,625,32963.7,10649.7,2500,
0xef7c90f3a473299a5686020777e1b7a7a1fcee6b,false,false,false,false,2.5,10,0,0,0,2.5,0,0,10,
0xf168461e2b11512b19684a2f5e91c743c5b77ea4,false,false,false,false,2000,2000,0,2000,0,0,2000,0,0,
0xf194cd87a48eaafb5248e24b23e08105b4a15f3b,false,false,true,true,5112.5,20450,1,0,0,5112.5,0,0,20450,
0xf1eb8dc07928051f34cda23d5a3eb95a06055147,false,false,false,false,4200,4200,0,4200,0,0,4200,0,0,
0xf294e71eb100d93e135b0a253170a64b88e7bf9f,false,false,false,false,1500,1500,0,1500,0,0,1500,0,0,
0xf343fd8910cae41c656e04f9a34a9c9dcce140eb,false,false,false,false,407.5,820,0,0,405,2.5,0,810,10,
0xf37e2ee9b538c958a199131d5d1336b27e4790ad,false,true,true,false,29465,29465,0,29465,0,0,29465,0,0,
0xf3bf6bdfea27464840d53b07c33ea21c951d3746,true,true,true,true,61903,115843,1,7963,53940,0,7963,107880,0,
0xf420850ac67c34e3bff6c18f8361d498eb7925bf,false,false,false,false,25,100,0,0,0,25,0,0,100,
0xf4451c51d5135e941ef5b16219a8c662a0146faf,false,false,false,false,2355.9,4711.8,0,0,2355.9,0,0,4711.8,0,
0xf4e1ac4c3c1517fa04cd07ebec6918eed8e121b8,false,false,false,false,1000,1000,0,1000,0,0,1000,0,0,
0xf583afc20d1c71b272d2d17a6c618f1256d95ac2,false,false,true,false,5800,5800,0,5800,0,0,5800,0,0,
0xf62aadadf80f0cee151af3851a9b3866255c6cd4,true,true,true,true,29072,46580,1,18236,7500,3336,18236,15000,13344,
0xf6c00c65a50f418a475226aea2761b3d22d15151,false,false,true,false,3133.17,8403.84,0,0,2064.42,1068.75,0,4128.84,4275,
0xf798f9982a61d4e442e08f06451fa53f879c2b81,false,false,true,false,1885,7270,0,0,135,1750,0,270,7000,
0xf7ac63cea00286d65848e9ce4750b9f0fcfea2eb,false,false,true,true,8658,34632,2,0,0,8658,0,0,34632,
0xf7e423285d3e73c887d0685d1fc3ac97ebccbe12,false,false,false,false,1000,1000,0,1000,0,0,1000,0,0,
0xf8279bf46bf0a5ca756c84350332d987d6562950,true,true,true,true,27550,80300,1,0,14950,12600,0,29900,50400,
0xf8690b1ba8cae43190cac09eff23b0763bc670fc,true,true,true,true,22350,89400,1,0,0,22350,0,0,89400,
0xf95269e144074e18c6acd0f1102ffc5a2e51818d,false,false,true,false,1260,5040,0,0,0,1260,0,0,5040,
0xf9a35867828417d6b42cc66c004126ea98083e28,false,false,false,false,2050,2050,0,2050,0,0,2050,0,0,
0xfa860889ee6e3c715a5b76d998223df040b167da,true,true,true,true,101793,289790,1,4996,51197,45600,4996,102394,182400,
0xfad3e3a0c1b4a77f651f765b93669e7403fb0eb9,true,true,true,true,30213,58363,1,2063,28150,0,2063,56300,0,
0xfb8ab8f58116a72bf9ba80a9a7c2dad7fbe7f666,false,false,false,false,2.5,10,0,0,0,2.5,0,0,10,
0xfbf0837fde3ba7a00fcde4c4a3be751c507754a7,false,false,false,false,1600,1600,0,1600,0,0,1600,0,0,
0xfbf0dab80535db219540ae5eb972c4955580ea89,false,false,true,true,1375,5500,1,0,0,1375,0,0,5500,
0xfcc836c2bab4787a4556c3f01824c5338ec778cf,false,false,true,true,12699.45,48987.4,1,0,905.2,11794.25,0,1810.4,47177,
0xfd0396b0944fefbdb634dbf8d60c62a4636a7552,false,false,false,false,42.5,170,0,0,0,42.5,0,0,170,
0xfe3c36c8e622ddc9285be16a677e239c3da6ac0d,false,false,true,true,13500,27000,1,0,13500,0,0,27000,0,
0xfecad7e9bdc47884643bc206385eef7dd51555f3,false,false,false,false,1669.24,3338.48,0,0,1669.24,0,0,3338.48,0,
0xfed714ab05fbbc6f964653616c0565033a4da0ef,true,true,true,true,40569.8,40569.8,1,40569.8,0,0,40569.8,0,0,
0xffca2cbb574fe1ab0b204fcee1e8fe20797aa9bc,false,false,false,false,500,500,0,500,0,0,500,0,0,
0xffce09ca00041e196e10458d5f981c0a1a76fe98,false,false,true,false,2125,8500,0,0,0,2125,0,0,8500,
0xfffef84688fd0248155d06c0e603a04adabccc64,false,false,true,true,17400,69600,1,0,0,17400,0,0,69600,
